Player,DK Pos,Team,Opp,DK Salary,DK Proj,DK Value,OWN_FRAC,DK Floor,DK Ceiling,LEVERAGE_SCORE,VALUE_PER_1k,CEILING_PCT_RANK,OWNERSHIP_PCT_RANK,leverage_delta,id
Jonathan Taylor,RB,IND,@KC,"$10,000.00",21.2,-1.5,0.04,9.3,35.6,34.354,$2.12,98.98%,75%,24.0%,40835438
Jaxon Smith-Njigba,WR,SEA,@TEN,"$9,000.00",22.6,1.8,0.14,9.1,38.3,32.937999999999995,$2.51,99.32%,96%,3.3%,40835692
Bijan Robinson,RB,ATL,@NO,"$8,500.00",21.9,2.1,0.15,10.4,35.5,30.032999999999998,$2.58,98.64%,97%,1.6%,40835440
Jahmyr Gibbs,RB,DET,NYG,"$8,300.00",22.9,3.5,0.25,9.8,38.8,29.099999999999998,$2.76,100.00%,98%,2.0%,40835442
Amon-Ra St. Brown,WR,DET,NYG,"$8,000.00",22.9,4.0,0.3,9.6,38.8,27.237599999999997,$2.86,100.00%,99%,1.0%,40835696
CeeDee Lamb,WR,DAL,PHI,"$7,900.00",18.7,0.0,0.1,7.5,32.7,29.495400000000004,$2.37,96.26%,89%,7.3%,40835698
Rashee Rice,WR,KC,IND,"$7,700.00",18.8,0.5,0.14,7.8,32.6,28.1338,$2.44,95.92%,95%,0.9%,40835700
Derrick Henry,RB,BAL,NYJ,"$7,600.00",18.9,0.9,0.1,6.9,33.1,29.7238,$2.49,97.62%,90%,7.6%,40835446
Saquon Barkley,RB,PHI,@DAL,"$7,500.00",19.0,1.1,0.1,7.7,32.3,28.9408,$2.53,95.58%,90%,5.6%,40835448
Justin Jefferson,WR,MIN,@GB,"$7,400.00",14.3,-3.3,0.02,5.0,26.4,25.766399999999997,$1.93,86.39%,70%,16.4%,40835702
Tee Higgins,WR,CIN,NE,"$7,100.00",17.0,0.0,0.15,6.2,30.8,26.3032,$2.39,94.56%,96%,-1.4%,40835706
George Pickens,WR,DAL,PHI,"$6,900.00",17.1,0.5,0.1,6.0,30.8,27.566000000000003,$2.48,94.56%,91%,3.6%,40835708
Drake Maye,QB,NE,@CIN,"$6,900.00",23.5,2.2,0.1,13.4,35.0,31.5,$3.41,98.30%,90%,8.3%,40835362
Trey McBride,TE,ARI,JAX,"$6,800.00",20.0,3.6,0.27,8.6,33.1,24.2623,$2.94,97.62%,99%,-1.4%,40836102
Patrick Mahomes,QB,KC,IND,"$6,800.00",22.9,1.9,0.09,12.7,34.1,30.928700000000003,$3.37,97.96%,87%,11.0%,40835363
Lamar Jackson,QB,BAL,NYJ,"$6,700.00",21.5,0.8,0.07,11.8,32.9,30.465399999999995,$3.21,96.60%,83%,13.6%,40835364
TreVeyon Henderson,RB,NE,@CIN,"$6,700.00",15.5,-0.8,0.1,5.8,27.8,25.1034,$2.31,90.48%,88%,2.5%,40835450
Jalen Hurts,QB,PHI,@DAL,"$6,600.00",21.7,1.3,0.1,11.8,33.0,29.766000000000002,$3.29,96.94%,89%,7.9%,40835365
Jaylen Warren,RB,PIT,@CHI,"$6,600.00",14.8,-1.2,0.05,5.8,26.5,25.227999999999998,$2.24,87.76%,78%,9.8%,40835452
Javonte Williams,RB,DAL,PHI,"$6,500.00",15.4,-0.5,0.06,6.1,27.6,25.944,$2.37,89.80%,80%,9.8%,40835454
Stefon Diggs,WR,NE,@CIN,"$6,500.00",15.1,-0.8,0.1,5.1,28.0,25.228,$2.32,91.16%,89%,2.2%,40835710
Dak Prescott,QB,DAL,PHI,"$6,400.00",18.6,-1.2,0.02,9.7,28.8,28.1664,$2.91,92.52%,68%,24.5%,40835367
Chris Olave,WR,NO,ATL,"$6,400.00",15.4,-0.2,0.1,5.6,28.2,25.2672,$2.41,91.84%,90%,1.8%,40835712
Zay Flowers,WR,BAL,NYJ,"$6,300.00",14.9,-0.6,0.1,5.2,27.9,25.2495,$2.37,90.82%,88%,2.8%,40835714
Ashton Jeanty,RB,LV,CLE,"$6,300.00",16.3,0.8,0.09,6.8,27.8,25.2424,$2.59,90.48%,87%,3.5%,40835456
Chase Brown,RB,CIN,NE,"$6,200.00",18.8,3.5,0.34,8.4,31.5,20.915999999999997,$3.03,94.90%,100%,-5.1%,40835458
Daniel Jones,QB,IND,@KC,"$6,200.00",17.3,-1.9,0.02,8.9,27.4,26.797199999999997,$2.79,89.12%,68%,21.1%,40835368
Rome Odunze,WR,CHI,PIT,"$6,100.00",12.5,-2.6,0.03,3.4,24.1,23.377000000000002,$2.05,80.95%,73%,8.0%,40835718
Breece Hall,RB,NYJ,@BAL,"$6,100.00",14.4,-0.6,0.07,5.6,25.4,23.6982,$2.36,84.01%,81%,3.0%,40835460
Quinshon Judkins,RB,CLE,@LV,"$6,000.00",13.7,-1.2,0.06,5.4,24.9,23.430899999999998,$2.28,81.97%,80%,2.0%,40835462
Jared Goff,QB,DET,NYG,"$6,000.00",20.8,2.2,0.11,11.4,31.7,28.086199999999998,$3.47,95.24%,94%,1.2%,40835369
Michael Pittman Jr.,WR,IND,@KC,"$6,000.00",12.6,-2.3,0.04,4.4,23.3,22.4379,$2.10,79.59%,77%,2.6%,40835720
Brock Bowers,TE,LV,CLE,"$6,000.00",15.4,0.5,0.09,6.0,26.7,24.4038,$2.57,88.10%,86%,2.1%,40836104
Travis Etienne Jr.,RB,JAX,@ARI,"$5,900.00",13.5,-1.2,0.08,4.7,25.0,23.05,$2.29,82.31%,83%,-0.7%,40835464
A.J. Brown,WR,PHI,@DAL,"$5,900.00",14.8,0.1,0.15,4.9,27.6,23.46,$2.51,89.80%,97%,-7.2%,40835722
Jordan Love,QB,GB,MIN,"$5,800.00",16.8,-1.1,0.02,8.6,26.4,25.8984,$2.90,86.39%,67%,19.4%,40835370
Tyrone Tracy Jr.,RB,NYG,@DET,"$5,800.00",11.8,-2.7,0.01,4.5,21.8,21.582,$2.03,77.55%,59%,18.5%,40835466
Caleb Williams,QB,CHI,PIT,"$5,700.00",18.8,1.1,0.04,9.9,29.2,28.148799999999998,$3.30,93.54%,76%,17.5%,40835371
Jameson Williams,WR,DET,NYG,"$5,700.00",15.2,0.9,0.19,4.6,28.9,23.3512,$2.67,92.86%,98%,-5.1%,40835726
Aaron Jones Sr.,RB,MIN,@GB,"$5,700.00",14.6,0.4,0.07,6.3,25.6,23.884800000000002,$2.56,84.69%,81%,3.7%,40835468
D'Andre Swift,RB,CHI,PIT,"$5,600.00",14.7,0.6,0.08,5.4,26.5,24.459500000000002,$2.62,87.76%,83%,4.8%,40835470
DeVonta Smith,WR,PHI,@DAL,"$5,600.00",14.2,0.1,0.14,4.8,26.5,22.79,$2.54,87.76%,96%,-8.2%,40835728
Joe Flacco,QB,CIN,NE,"$5,500.00",16.7,-0.3,0.02,8.2,26.5,25.864,$3.04,87.76%,70%,17.8%,40835373
Tyler Warren,TE,IND,@KC,"$5,500.00",13.1,-0.8,0.03,4.7,23.1,22.314600000000002,$2.38,78.91%,75%,3.9%,40836106
Alvin Kamara,RB,NO,ATL,"$5,500.00",14.3,0.4,0.08,5.6,25.3,23.3013,$2.60,83.33%,84%,-0.7%,40835472
Wan'Dale Robinson,WR,NYG,@DET,"$5,500.00",14.3,0.4,0.13,5.2,26.2,22.8464,$2.60,85.71%,94%,-8.3%,40835730
Kenneth Gainwell,RB,PIT,@CHI,"$5,500.00",8.9,-5.0,0.01,2.7,17.5,17.325,$1.62,69.05%,59%,10.0%,40835474
Jordan Addison,WR,MIN,@GB,"$5,400.00",10.0,-3.7,0.01,2.5,19.8,19.6218,$1.85,73.81%,58%,15.8%,40835732
Sam Darnold,QB,SEA,@TEN,"$5,400.00",17.9,1.1,0.04,9.5,28.3,27.2812,$3.31,92.18%,76%,16.2%,40835374
Kenneth Walker III,RB,SEA,@TEN,"$5,400.00",13.3,-0.4,0.09,4.3,25.1,22.7908,$2.46,82.65%,87%,-4.3%,40835478
Jacoby Brissett,QB,ARI,JAX,"$5,300.00",19.0,2.6,0.13,10.0,29.3,25.403100000000002,$3.58,93.88%,95%,-1.1%,40835375
Jake Ferguson,TE,DAL,PHI,"$5,300.00",10.3,-3.2,0.01,3.6,18.1,17.9552,$1.94,70.41%,57%,13.4%,40836108
David Montgomery,RB,DET,NYG,"$5,300.00",14.7,1.2,0.1,4.8,27.1,24.2816,$2.77,88.78%,90%,-1.2%,40835480
Emanuel Wilson,RB,GB,MIN,"$5,300.00",16.4,2.9,0.31,6.7,29.1,20.1954,$3.09,93.20%,100%,-6.8%,40835482
DK Metcalf,WR,PIT,@CHI,"$5,300.00",13.5,0.0,0.08,4.1,25.7,23.6183,$2.55,85.37%,84%,1.4%,40835734
Parker Washington,WR,JAX,@ARI,"$5,200.00",12.1,-1.2,0.08,3.8,23.4,21.410999999999998,$2.33,79.93%,85%,-5.1%,40835736
Jordan Mason,RB,MIN,@GB,"$5,200.00",4.3,-9.0,0.0,0.6,10.0,10.0,$0.83,39.80%,0%,39.8%,40835484
Rhamondre Stevenson,RB,NE,@CIN,"$5,200.00",8.5,-4.8,0.03,2.0,17.5,16.939999999999998,$1.63,69.05%,73%,-4.0%,40835486
Kyle Monangai,RB,CHI,PIT,"$5,100.00",7.7,-5.4,0.0,1.8,16.2,16.119,$1.51,64.29%,51%,13.3%,40835490
Trevor Lawrence,QB,JAX,@ARI,"$5,100.00",18.0,2.2,0.08,9.4,28.2,25.8312,$3.53,91.84%,85%,6.8%,40835377
Kareem Hunt,RB,KC,IND,"$5,100.00",13.6,0.4,0.08,4.7,25.4,23.241,$2.67,84.01%,85%,-1.0%,40835488
Tre Tucker,WR,LV,CLE,"$5,100.00",10.0,-3.1,0.01,2.7,19.8,19.5822,$1.96,73.81%,61%,12.8%,40835738
Alec Pierce,WR,IND,@KC,"$5,000.00",12.2,-0.7,0.08,3.2,24.0,22.104,$2.44,80.27%,84%,-3.7%,40835742
Travis Kelce,TE,KC,IND,"$5,000.00",13.6,0.7,0.11,4.7,24.3,21.6999,$2.72,81.29%,92%,-10.7%,40836110
J.J. McCarthy,QB,MIN,@GB,"$5,000.00",13.9,-1.7,0.0,6.6,22.4,22.288,$2.78,78.57%,51%,27.6%,40835378
Kayshon Boutte,WR,NE,@CIN,"$5,000.00",7.8,-5.1,0.01,1.1,17.4,17.295599999999997,$1.56,68.03%,53%,15.0%,40835740
Tony Pollard,RB,TEN,SEA,"$5,000.00",9.8,-3.1,0.0,3.5,18.4,18.308,$1.96,70.75%,51%,19.8%,40835492
Zonovan Knight,RB,ARI,JAX,"$4,900.00",12.0,-0.7,0.05,4.1,22.3,21.2519,$2.45,78.23%,77%,1.2%,40835496
DJ Moore,WR,CHI,PIT,"$4,900.00",9.3,-3.4,0.01,2.4,18.6,18.395400000000002,$1.90,71.43%,61%,10.4%,40835744
Romeo Doubs,WR,GB,MIN,"$4,900.00",13.3,0.6,0.11,4.2,25.3,22.4917,$2.71,83.33%,93%,-9.7%,40835746
Zach Charbonnet,RB,SEA,@TEN,"$4,900.00",9.8,-2.9,0.01,2.6,19.3,19.1842,$2.00,72.45%,53%,19.5%,40835498
Michael Wilson,WR,ARI,JAX,"$4,800.00",14.3,1.8,0.28,4.8,26.9,19.2873,$2.98,88.44%,99%,-10.6%,40835748
Darnell Mooney,WR,ATL,@NO,"$4,800.00",11.1,-1.4,0.06,3.1,21.7,20.5065,$2.31,77.21%,79%,-1.8%,40835750
Chris Brooks,RB,GB,MIN,"$4,800.00",5.7,-6.9,0.0,1.0,12.5,12.475,$1.19,50.34%,43%,7.3%,40835506
Devin Singletary,RB,NYG,@DET,"$4,800.00",7.7,-4.9,0.0,2.1,15.2,15.123999999999999,$1.60,60.54%,51%,9.5%,40835502
Jakobi Meyers,WR,JAX,@ARI,"$4,700.00",13.0,0.7,0.16,4.1,24.5,20.4575,$2.77,81.63%,98%,-16.4%,40835754
Xavier Worthy,WR,KC,IND,"$4,700.00",10.8,-1.6,0.05,3.0,21.2,20.139999999999997,$2.30,76.53%,79%,-2.5%,40835752
Terrell Jennings,RB,NE,@CIN,"$4,700.00",0.5,-11.8,0.0,0.0,2.1,2.1,$0.11,18.71%,0%,18.7%,40835508
Mason Rudolph,QB,PIT,@CHI,"$4,700.00",16.3,1.7,0.01,8.2,25.7,25.3916,$3.47,85.37%,62%,23.4%,40835381
Tyjae Spears,RB,TEN,SEA,"$4,700.00",9.2,-3.2,0.01,3.3,17.1,16.997400000000003,$1.96,66.67%,53%,13.7%,40835512
Christian Watson,WR,GB,MIN,"$4,600.00",10.2,-1.9,0.06,2.2,20.9,19.708699999999997,$2.22,75.85%,80%,-4.2%,40835758
Bhayshul Tuten,RB,JAX,@ARI,"$4,600.00",10.4,-1.8,0.05,3.0,20.6,19.6112,$2.26,75.17%,78%,-2.8%,40835500
Jameis Winston,QB,NYG,@DET,"$4,600.00",16.0,1.6,0.05,7.9,25.6,24.3456,$3.48,84.69%,78%,6.7%,40835382
Isaiah Davis,RB,NYJ,@BAL,"$4,600.00",6.0,-6.1,0.0,1.4,12.5,12.475,$1.30,50.34%,43%,7.3%,40835514
Rashid Shaheed,WR,SEA,@TEN,"$4,600.00",7.8,-4.3,0.0,1.3,17.2,17.1312,$1.70,67.35%,50%,17.3%,40835756
Tyler Allgeier,RB,ATL,@NO,"$4,500.00",6.5,-5.4,0.0,1.5,14.1,14.0718,$1.44,56.80%,43%,13.8%,40835504
Josh Downs,WR,IND,@KC,"$4,500.00",8.6,-3.4,0.01,2.5,16.7,16.583099999999998,$1.91,65.99%,56%,10.0%,40835762
Geno Smith,QB,LV,CLE,"$4,500.00",14.6,0.5,0.02,7.1,23.3,22.9039,$3.24,79.59%,65%,14.6%,40835383
Darius Slayton,WR,NYG,@DET,"$4,500.00",10.0,-1.9,0.03,2.4,20.1,19.4568,$2.22,74.83%,73%,1.8%,40835760
Tank Bigsby,RB,PHI,@DAL,"$4,500.00",2.3,-9.6,0.0,0.0,6.9,6.9,$0.51,32.31%,0%,32.3%,40835510
Cam Ward,QB,TEN,SEA,"$4,500.00",11.8,-2.3,0.0,5.4,19.6,19.5608,$2.62,73.13%,43%,30.1%,40835384
Michael Carter,RB,ARI,JAX,"$4,400.00",7.4,-4.4,0.01,1.9,15.0,14.85,$1.68,59.86%,59%,0.9%,40835518
Kirk Cousins,QB,ATL,@NO,"$4,400.00",12.8,-1.0,0.01,5.9,20.9,20.670099999999998,$2.91,75.85%,61%,14.8%,40835385
Tyler Shough,QB,NO,ATL,"$4,400.00",14.6,0.8,0.03,7.5,24.1,23.4493,$3.32,80.95%,71%,10.0%,40835386
Greg Dortch,WR,ARI,JAX,"$4,300.00",9.1,-2.4,0.02,2.8,17.5,17.15,$2.12,69.05%,67%,2.0%,40835768
Kyle Pitts Sr.,TE,ATL,@NO,"$4,300.00",12.4,0.8,0.11,4.8,21.3,18.8718,$2.88,76.87%,94%,-17.1%,40836112
LeQuint Allen Jr.,RB,JAX,@ARI,"$4,300.00",1.7,-9.8,0.0,0.0,5.2,5.2,$0.40,28.23%,0%,28.2%,40835520
Devin Neal,RB,NO,ATL,"$4,300.00",5.4,-6.1,0.0,1.1,12.1,12.0758,$1.26,48.98%,43%,6.0%,40835522
Tyrod Taylor,QB,NYJ,@BAL,"$4,300.00",13.9,0.5,0.02,7.0,22.3,21.854,$3.23,78.23%,67%,11.2%,40835387
Justice Hill,RB,BAL,NYJ,"$4,200.00",5.4,-5.9,0.0,0.7,12.8,12.7744,$1.29,52.72%,43%,9.7%,40835524
Shedeur Sanders,QB,CLE,@LV,"$4,200.00",11.8,-1.4,0.0,5.2,19.4,19.3612,$2.81,72.79%,43%,29.8%,40835390
Hollywood Brown,WR,KC,IND,"$4,200.00",6.5,-4.8,0.0,0.9,14.5,14.4565,$1.55,58.16%,48%,10.2%,40835770
Mack Hollins,WR,NE,@CIN,"$4,200.00",7.6,-3.7,0.01,1.2,16.8,16.6992,$1.81,66.33%,53%,13.3%,40835772
Dallas Goedert,TE,PHI,@DAL,"$4,200.00",10.8,-0.5,0.06,3.4,20.0,18.759999999999998,$2.57,74.49%,81%,-6.5%,40836114
Andrei Iosivas,WR,CIN,NE,"$4,100.00",8.6,-2.5,0.04,2.0,17.3,16.5734,$2.10,67.69%,77%,-9.3%,40835776
Dylan Sampson,RB,CLE,@LV,"$4,100.00",2.3,-8.9,0.0,0.0,6.2,6.2,$0.56,30.95%,0%,30.9%,40835528
Jerry Jeudy,WR,CLE,@LV,"$4,100.00",8.1,-3.0,0.01,1.9,16.3,16.1696,$1.98,64.97%,57%,8.0%,40835774
Theo Johnson,TE,NYG,@DET,"$4,100.00",9.8,-1.3,0.05,2.9,18.5,17.575,$2.39,71.09%,79%,-7.9%,40836116
Kaleb Johnson,RB,PIT,@CHI,"$4,100.00",1.4,-9.7,0.0,0.0,4.6,4.6,$0.34,25.51%,0%,25.5%,40835530
Jermar Jefferson,RB,ARI,JAX,"$4,000.00",0.4,-10.6,0.0,0.0,1.6,1.6,$0.10,16.67%,0%,16.7%,40835578
Nathan Carter,RB,ATL,@NO,"$4,000.00",0.1,-10.8,0.0,0.0,0.5,0.5,$0.03,5.10%,0%,5.1%,40835542
Keaton Mitchell,RB,BAL,NYJ,"$4,000.00",4.4,-6.5,0.0,0.4,11.2,11.2,$1.10,44.22%,0%,44.2%,40835534
Patrick Ricard,RB,BAL,NYJ,"$4,000.00",0.1,-10.8,0.0,0.0,0.5,0.5,$0.03,5.10%,0%,5.1%,40835680
Brittain Brown,RB,CHI,PIT,"$4,000.00",0.2,-10.8,0.0,0.0,0.8,0.8,$0.05,11.90%,0%,11.9%,40835676
Tahj Brooks,RB,CIN,NE,"$4,000.00",1.9,-9.0,0.0,0.0,5.8,5.8,$0.47,29.59%,0%,29.6%,40835660
Gary Brightwell,RB,CIN,NE,"$4,000.00",0.7,-10.2,0.0,0.0,2.8,2.8,$0.17,21.09%,0%,21.1%,40835664
Jerome Ford,RB,CLE,@LV,"$4,000.00",2.3,-8.6,0.0,0.0,6.4,6.4,$0.57,31.29%,0%,31.3%,40835568
Malik Davis,RB,DAL,PHI,"$4,000.00",2.1,-8.8,0.0,0.0,5.9,5.9,$0.53,29.93%,0%,29.9%,40835556
Hunter Luepke,RB,DAL,PHI,"$4,000.00",1.6,-9.3,0.0,0.0,5.2,5.2,$0.40,28.23%,0%,28.2%,40835558
Sione Vaki,RB,DET,NYG,"$4,000.00",0.1,-10.8,0.0,0.0,0.7,0.7,$0.03,10.54%,0%,10.5%,40835638
Jacob Saylors,RB,DET,NYG,"$4,000.00",0.1,-10.8,0.0,0.0,0.8,0.8,$0.03,11.90%,0%,11.9%,40835640
Pierre Strong Jr.,RB,GB,MIN,"$4,000.00",0.3,-10.6,0.0,0.0,1.5,1.5,$0.07,16.33%,0%,16.3%,40835628
Tyler Goodson,RB,IND,@KC,"$4,000.00",0.9,-10.1,0.0,0.0,3.4,3.4,$0.23,22.79%,0%,22.8%,40835606
Ameer Abdullah,RB,IND,@KC,"$4,000.00",1.7,-9.2,0.0,0.0,5.7,5.7,$0.42,29.25%,0%,29.2%,40835608
Clyde Edwards-Helaire,RB,KC,IND,"$4,000.00",1.1,-9.9,0.0,0.0,3.8,3.8,$0.28,23.47%,0%,23.5%,40835602
Brashard Smith,RB,KC,IND,"$4,000.00",5.3,-5.6,0.0,0.9,12.1,12.0758,$1.32,48.98%,43%,6.0%,40835596
Raheem Mostert,RB,LV,CLE,"$4,000.00",3.4,-7.5,0.0,0.2,8.7,8.7,$0.85,36.73%,0%,36.7%,40835560
Dylan Laube,RB,LV,CLE,"$4,000.00",0.2,-10.8,0.0,0.0,0.8,0.8,$0.05,11.90%,0%,11.9%,40835562
Zavier Scott,RB,MIN,@GB,"$4,000.00",0.1,-10.9,0.0,0.0,0.3,0.3,$0.03,0.68%,0%,0.7%,40835616
C.J. Ham,RB,MIN,@GB,"$4,000.00",0.4,-10.5,0.0,0.0,1.8,1.8,$0.10,17.35%,0%,17.4%,40835622
Jack Westover,RB,NE,@CIN,"$4,000.00",0.2,-10.8,0.0,0.0,0.7,0.7,$0.05,10.54%,0%,10.5%,40835654
Juwan Johnson,TE,NO,ATL,"$4,000.00",9.4,-1.5,0.03,2.8,17.7,17.1159,$2.35,69.73%,74%,-4.3%,40836118
Eric Gray,RB,NYG,@DET,"$4,000.00",0.3,-10.7,0.0,0.0,1.2,1.2,$0.07,15.65%,0%,15.7%,40835630
Andrew Beck,RB,NYJ,@BAL,"$4,000.00",0.2,-10.7,0.0,0.0,0.9,0.9,$0.05,12.59%,0%,12.6%,40835690
Will Shipley,RB,PHI,@DAL,"$4,000.00",1.6,-9.4,0.0,0.0,5.2,5.2,$0.40,28.23%,0%,28.2%,40835532
George Holani,RB,SEA,@TEN,"$4,000.00",1.2,-9.7,0.0,0.0,4.1,4.1,$0.30,24.15%,0%,24.1%,40835580
Brady Russell,RB,SEA,@TEN,"$4,000.00",0.1,-10.8,0.0,0.0,0.5,0.5,$0.03,5.10%,0%,5.1%,40835588
Robbie Ouzts,RB,SEA,@TEN,"$4,000.00",0.1,-10.8,0.0,0.0,0.6,0.6,$0.03,8.50%,0%,8.5%,40835584
Cooper Kupp,WR,SEA,@TEN,"$4,000.00",8.3,-2.6,0.01,1.9,17.2,17.0624,$2.08,67.35%,57%,10.3%,40835778
Kalel Mullings,RB,TEN,SEA,"$4,000.00",0.1,-10.9,0.0,0.0,0.3,0.3,$0.03,0.68%,0%,0.7%,40835592
Julius Chestnut,RB,TEN,SEA,"$4,000.00",0.0,-10.9,0.0,0.0,0.2,0.2,$0.00,0.00%,0%,0.0%,40835590
Chimere Dike,WR,TEN,SEA,"$4,000.00",8.4,-2.6,0.01,2.4,16.2,15.973199999999999,$2.10,64.29%,63%,1.3%,40835780
Seahawks ,DST,SEA,@TEN,"$4,000.00",11.1,2.2,0.11,4.3,19.2,17.088,$2.77,72.11%,93%,-20.9%,40836356
Matthew Golden,WR,GB,MIN,"$3,900.00",6.6,-4.1,0.0,1.0,14.5,14.442,$1.69,58.16%,50%,8.2%,40835782
Hunter Henry,TE,NE,@CIN,"$3,900.00",10.3,-0.5,0.11,2.7,19.9,17.7309,$2.64,74.15%,93%,-18.8%,40836120
Ravens ,DST,BAL,NYJ,"$3,900.00",9.7,1.0,0.07,3.2,17.6,16.403200000000002,$2.49,69.39%,82%,-12.6%,40836357
Mark Andrews,TE,BAL,NYJ,"$3,800.00",11.1,0.6,0.11,3.0,21.1,18.8212,$2.92,76.19%,92%,-15.8%,40836122
DeMario Douglas,WR,NE,@CIN,"$3,800.00",6.5,-4.0,0.0,1.0,14.6,14.541599999999999,$1.71,58.50%,50%,8.5%,40835788
Patriots ,DST,NE,@CIN,"$3,800.00",6.8,-1.8,0.01,1.0,13.9,13.705400000000001,$1.79,56.46%,63%,-6.5%,40836358
Cedric Tillman,WR,CLE,@LV,"$3,700.00",5.5,-4.9,0.0,0.7,12.1,12.051599999999999,$1.49,48.98%,50%,-1.0%,40835790
Calvin Austin III,WR,PIT,@CHI,"$3,700.00",4.7,-5.6,0.0,0.2,11.5,11.4655,$1.27,44.90%,48%,-3.1%,40835792
Chig Okonkwo,TE,TEN,SEA,"$3,700.00",6.5,-3.9,0.0,1.5,12.7,12.6746,$1.76,51.02%,43%,8.0%,40836124
Lions ,DST,DET,NYG,"$3,700.00",8.3,0.0,0.07,2.0,16.0,14.928,$2.24,63.27%,81%,-17.7%,40836359
Luther Burden III,WR,CHI,PIT,"$3,600.00",9.4,-0.8,0.08,2.4,18.9,17.3124,$2.61,71.77%,85%,-13.2%,40835796
Harold Fannin Jr.,TE,CLE,@LV,"$3,600.00",8.7,-1.5,0.01,2.6,16.0,15.84,$2.42,63.27%,59%,4.3%,40836126
Van Jefferson,WR,TEN,SEA,"$3,600.00",8.1,-2.1,0.01,1.8,16.3,16.137,$2.25,64.97%,59%,6.0%,40835794
Packers ,DST,GB,MIN,"$3,600.00",8.9,0.8,0.09,2.7,16.5,14.9985,$2.47,65.65%,86%,-20.3%,40836360
Colston Loveland,TE,CHI,PIT,"$3,500.00",8.0,-1.9,0.02,1.8,16.1,15.697500000000002,$2.29,63.61%,71%,-7.4%,40836128
Dontayvion Wicks,WR,GB,MIN,"$3,500.00",5.3,-4.6,0.0,0.5,12.4,12.3628,$1.51,49.66%,48%,1.7%,40835798
Tyler Lockett,WR,LV,CLE,"$3,500.00",5.2,-4.7,0.0,0.6,11.9,11.8762,$1.49,47.62%,43%,4.6%,40835800
Raiders ,DST,LV,CLE,"$3,500.00",9.8,1.9,0.09,3.2,17.9,16.2353,$2.80,70.07%,87%,-16.9%,40836361
Brenton Strange,TE,JAX,@ARI,"$3,400.00",7.7,-2.0,0.0,1.8,15.3,15.223500000000001,$2.26,60.88%,51%,9.9%,40836132
Jalen Nailor,WR,MIN,@GB,"$3,400.00",4.6,-5.1,0.0,0.3,10.9,10.9,$1.35,43.88%,0%,43.9%,40835802
Mason Taylor,TE,NYJ,@BAL,"$3,400.00",8.6,-1.1,0.03,2.6,15.6,15.1008,$2.53,61.56%,73%,-11.4%,40836130
Jahan Dotson,WR,PHI,@DAL,"$3,400.00",3.0,-6.7,0.0,0.0,8.6,8.6,$0.88,36.39%,0%,36.4%,40835804
Falcons ,DST,ATL,@NO,"$3,400.00",6.9,-0.8,0.02,1.1,14.2,13.9018,$2.03,57.48%,68%,-10.5%,40836362
David Sills V,WR,ATL,@NO,"$3,300.00",4.9,-4.7,0.0,0.4,11.3,11.3,$1.48,44.56%,0%,44.6%,40835812
DeAndre Hopkins,WR,BAL,NYJ,"$3,300.00",6.9,-2.6,0.02,0.9,15.5,15.158999999999999,$2.09,61.22%,68%,-6.8%,40835808
Ryan Flournoy,WR,DAL,PHI,"$3,300.00",3.9,-5.7,0.0,0.1,9.6,9.6,$1.18,38.78%,0%,38.8%,40835810
T.J. Hockenson,TE,MIN,@GB,"$3,300.00",6.6,-3.0,0.01,1.6,12.8,12.7232,$2.00,52.72%,53%,-0.3%,40836136
Isaiah Hodgins,WR,NYG,@DET,"$3,300.00",5.1,-4.5,0.0,0.4,11.9,11.8762,$1.55,47.62%,43%,4.6%,40835814
John Metchie III,WR,NYJ,@BAL,"$3,300.00",6.1,-3.5,0.01,1.2,12.8,12.684800000000001,$1.85,52.72%,58%,-5.3%,40835816
AJ Barner,TE,SEA,@TEN,"$3,300.00",8.2,-1.3,0.03,1.9,15.7,15.244699999999998,$2.48,62.24%,72%,-9.8%,40836134
Bears ,DST,CHI,PIT,"$3,300.00",6.1,-1.4,0.02,0.5,13.1,12.9035,$1.85,53.40%,64%,-10.6%,40836363
Luke Musgrave,TE,GB,MIN,"$3,200.00",5.2,-4.1,0.0,0.9,10.8,10.7676,$1.62,43.20%,48%,-4.8%,40836138
Dyami Brown,WR,JAX,@ARI,"$3,200.00",2.5,-6.9,0.0,0.0,7.4,7.4,$0.78,34.01%,0%,34.0%,40835818
Tim Patrick,WR,JAX,@ARI,"$3,200.00",6.6,-2.7,0.02,1.0,14.7,14.4795,$2.06,58.84%,64%,-5.2%,40835822
Tyquan Thornton,WR,KC,IND,"$3,200.00",2.5,-6.8,0.0,0.0,8.4,8.3916,$0.78,36.05%,37%,-1.0%,40835820
Devaughn Vele,WR,NO,ATL,"$3,200.00",6.9,-2.4,0.01,1.2,14.9,14.7361,$2.16,59.52%,61%,-1.5%,40835826
Adonai Mitchell,WR,NYJ,@BAL,"$3,200.00",8.1,-1.3,0.04,1.7,16.4,15.825999999999999,$2.53,65.31%,75%,-9.7%,40835824
Pat Freiermuth,TE,PIT,@CHI,"$3,200.00",5.4,-3.9,0.0,0.7,11.9,11.8643,$1.69,47.62%,48%,-0.4%,40836140
Jaguars ,DST,JAX,@ARI,"$3,200.00",6.7,-0.7,0.02,0.9,13.8,13.496400000000001,$2.09,55.78%,68%,-12.2%,40836364
Olamide Zaccheaus,WR,CHI,PIT,"$3,100.00",3.2,-6.0,0.0,0.0,8.4,8.4,$1.03,36.05%,0%,36.0%,40835834
Noah Fant,TE,CIN,NE,"$3,100.00",7.8,-1.4,0.02,2.0,14.8,14.5484,$2.52,59.18%,65%,-5.8%,40836142
David Njoku,TE,CLE,@LV,"$3,100.00",6.3,-2.8,0.0,1.2,12.8,12.7744,$2.03,52.72%,43%,9.7%,40836144
Jalen Tolbert,WR,DAL,PHI,"$3,100.00",0.3,-8.8,0.0,0.0,1.3,1.2987,$0.10,15.99%,37%,-21.0%,40835832
Kyle Williams,WR,NE,@CIN,"$3,100.00",2.1,-7.1,0.0,0.0,7.1,7.1,$0.68,33.33%,0%,33.3%,40835828
Jalin Hyatt,WR,NYG,@DET,"$3,100.00",2.3,-6.8,0.0,0.0,7.1,7.1,$0.74,33.33%,0%,33.3%,40835836
Tyler Johnson,WR,NYJ,@BAL,"$3,100.00",2.6,-6.5,0.0,0.0,7.2,7.2,$0.84,33.67%,0%,33.7%,40835830
Chiefs ,DST,KC,IND,"$3,100.00",6.5,-0.7,0.02,0.9,13.5,13.257,$2.10,54.42%,66%,-11.6%,40836365
Xavier Weaver,WR,ARI,JAX,"$3,000.00",4.0,-5.0,0.0,0.0,10.2,10.2,$1.33,41.16%,0%,41.2%,40835938
Andre Baccellia,WR,ARI,JAX,"$3,000.00",0.6,-8.4,0.0,0.0,2.4,2.4,$0.20,20.07%,0%,20.1%,40835940
Dylan Drummond,WR,ATL,@NO,"$3,000.00",0.1,-8.8,0.0,0.0,0.6,0.6,$0.03,8.50%,0%,8.5%,40835874
KhaDarel Hodge,WR,ATL,@NO,"$3,000.00",6.2,-2.8,0.0,0.8,13.7,13.631499999999999,$2.07,55.10%,51%,4.1%,40835864
Casey Washington,WR,ATL,@NO,"$3,000.00",1.1,-7.8,0.0,0.0,4.2,4.2,$0.37,24.49%,0%,24.5%,40835866
Tylan Wallace,WR,BAL,NYJ,"$3,000.00",2.4,-6.6,0.0,0.0,7.1,7.1,$0.80,33.33%,0%,33.3%,40836074
Devontez Walker,WR,BAL,NYJ,"$3,000.00",0.3,-8.7,0.0,0.0,1.2,1.2,$0.10,15.65%,0%,15.7%,40836076
LaJohntay Wester,WR,BAL,NYJ,"$3,000.00",0.1,-8.8,0.0,0.0,0.6,0.6,$0.03,8.50%,0%,8.5%,40836078
Jermaine Burton,WR,CIN,NE,"$3,000.00",0.3,-8.7,0.0,0.0,1.2,1.2,$0.10,15.65%,0%,15.7%,40836050
Charlie Jones,WR,CIN,NE,"$3,000.00",0.4,-8.5,0.0,0.0,1.8,1.8,$0.13,17.35%,0%,17.4%,40836048
Mitch Tinsley,WR,CIN,NE,"$3,000.00",4.4,-4.6,0.0,0.1,10.8,10.778400000000001,$1.47,43.20%,43%,0.2%,40836046
Isaiah Bond,WR,CLE,@LV,"$3,000.00",3.1,-5.9,0.0,0.0,8.3,8.3,$1.03,35.37%,0%,35.4%,40835914
Gage Larvadain,WR,CLE,@LV,"$3,000.00",0.2,-8.8,0.0,0.0,0.8,0.8,$0.07,11.90%,0%,11.9%,40835920
Malachi Corley,WR,CLE,@LV,"$3,000.00",1.9,-7.1,0.0,-0.1,5.6,5.6,$0.63,28.91%,0%,28.9%,40835918
Kaden Davis,WR,CLE,@LV,"$3,000.00",0.1,-8.9,0.0,0.0,0.4,0.4,$0.03,1.02%,0%,1.0%,40835922
KaVontae Turpin,WR,DAL,PHI,"$3,000.00",4.6,-4.3,0.0,0.5,10.8,10.7676,$1.53,43.20%,48%,-4.8%,40835890
Isaac TeSlaa,WR,DET,NYG,"$3,000.00",3.3,-5.7,0.0,0.0,9.5,9.5,$1.10,38.44%,0%,38.4%,40836030
Kalif Raymond,WR,DET,NYG,"$3,000.00",4.7,-4.2,0.0,0.3,11.6,11.5884,$1.57,45.92%,37%,8.9%,40835842
Brock Wright,TE,DET,NYG,"$3,000.00",6.8,-2.2,0.02,1.2,14.2,13.958599999999999,$2.27,57.48%,65%,-7.5%,40836146
Savion Williams,WR,GB,MIN,"$3,000.00",2.1,-6.9,0.0,-0.1,6.2,6.1938,$0.70,30.95%,37%,-6.1%,40836002
Anthony Gould,WR,IND,@KC,"$3,000.00",0.1,-8.8,0.0,0.0,0.6,0.6,$0.03,8.50%,0%,8.5%,40835982
Ashton Dulin,WR,IND,@KC,"$3,000.00",1.0,-7.9,0.0,0.0,3.8,3.8,$0.33,23.47%,0%,23.5%,40835980
Austin Trammell,WR,JAX,@ARI,"$3,000.00",0.5,-8.5,0.0,0.0,2.1,2.0979,$0.17,18.71%,37%,-18.3%,40835928
JuJu Smith-Schuster,WR,KC,IND,"$3,000.00",2.9,-6.1,0.0,0.0,8.0,7.992,$0.97,35.03%,37%,-2.0%,40835848
Nikko Remigio,WR,KC,IND,"$3,000.00",0.2,-8.8,0.0,0.0,0.7,0.7,$0.07,10.54%,0%,10.5%,40835972
Dont'e Thornton Jr.,WR,LV,CLE,"$3,000.00",2.0,-6.9,0.0,0.0,6.6,6.6,$0.67,31.97%,0%,32.0%,40835902
Jack Bech,WR,LV,CLE,"$3,000.00",1.4,-7.5,0.0,0.0,4.9,4.9,$0.47,26.19%,0%,26.2%,40835900
Michael Mayer,TE,LV,CLE,"$3,000.00",6.5,-2.4,0.0,1.4,13.2,13.1472,$2.17,53.74%,50%,3.7%,40836148
Tai Felton,WR,MIN,@GB,"$3,000.00",0.1,-8.8,0.0,0.0,0.5,0.5,$0.03,5.10%,0%,5.1%,40835992
Adam Thielen,WR,MIN,@GB,"$3,000.00",0.9,-8.1,0.0,0.0,3.4,3.4,$0.30,22.79%,0%,22.8%,40835990
Mason Tipton,WR,NO,ATL,"$3,000.00",3.5,-5.5,0.0,0.0,9.1,9.1,$1.17,37.76%,0%,37.8%,40835850
Dante Pettis,WR,NO,ATL,"$3,000.00",0.5,-8.5,0.0,0.0,2.0,2.0,$0.17,18.03%,0%,18.0%,40835862
Arian Smith,WR,NYJ,@BAL,"$3,000.00",0.9,-8.1,0.0,0.0,3.4,3.4,$0.30,22.79%,0%,22.8%,40836088
Allen Lazard,WR,NYJ,@BAL,"$3,000.00",0.2,-8.7,0.0,0.0,0.9,0.9,$0.07,12.59%,0%,12.6%,40835846
Isaiah Williams,WR,NYJ,@BAL,"$3,000.00",4.5,-4.5,0.0,0.5,10.1,10.1,$1.50,40.82%,0%,40.8%,40836086
Darius Cooper,WR,PHI,@DAL,"$3,000.00",0.3,-8.7,0.0,0.0,1.1,1.1,$0.10,13.95%,0%,13.9%,40835878
Xavier Gipson,WR,PHI,@DAL,"$3,000.00",0.1,-8.8,0.0,0.0,0.5,0.5,$0.03,5.10%,0%,5.1%,40835880
Roman Wilson,WR,PIT,@CHI,"$3,000.00",6.1,-2.9,0.01,0.8,13.7,13.617799999999999,$2.03,55.10%,53%,2.1%,40835840
Ben Skowronek,WR,PIT,@CHI,"$3,000.00",0.3,-8.7,0.0,0.0,1.1,1.1,$0.10,13.95%,0%,13.9%,40836058
Scotty Miller,WR,PIT,@CHI,"$3,000.00",0.1,-8.8,0.0,0.0,0.6,0.6,$0.03,8.50%,0%,8.5%,40836056
Cody White,WR,SEA,@TEN,"$3,000.00",0.3,-8.7,0.0,0.0,1.1,1.1,$0.10,13.95%,0%,13.9%,40835954
Xavier Restrepo,WR,TEN,SEA,"$3,000.00",0.7,-8.2,0.0,0.0,3.0,3.0,$0.23,21.77%,0%,21.8%,40835970
James Proche II,WR,TEN,SEA,"$3,000.00",0.7,-8.3,0.0,0.0,2.7,2.7,$0.23,20.75%,0%,20.8%,40835968
Mason Kinsey,WR,TEN,SEA,"$3,000.00",4.6,-4.4,0.0,0.4,10.6,10.5894,$1.53,42.18%,37%,5.2%,40835962
Eagles ,DST,PHI,@DAL,"$3,000.00",5.8,-1.1,0.02,0.2,12.8,12.569600000000001,$1.93,52.72%,66%,-13.3%,40836366
Jonnu Smith,TE,PIT,@CHI,"$2,900.00",6.3,-2.5,0.01,1.2,12.9,12.8226,$2.17,53.06%,53%,0.1%,40836152
Browns ,DST,CLE,@LV,"$2,900.00",8.2,1.5,0.15,2.0,15.9,13.5627,$2.83,62.59%,97%,-34.4%,40836367
Isaiah Likely,TE,BAL,NYJ,"$2,800.00",7.2,-1.3,0.03,1.4,15.1,14.6772,$2.57,60.20%,71%,-10.8%,40836154
Darnell Washington,TE,PIT,@CHI,"$2,800.00",6.8,-1.7,0.01,1.4,13.9,13.7471,$2.43,56.46%,61%,-4.5%,40836156
Steelers ,DST,PIT,@CHI,"$2,800.00",5.5,-1.0,0.02,-0.1,12.4,12.1024,$1.96,49.66%,70%,-20.3%,40836368
Taysom Hill,TE,NO,ATL,"$2,700.00",5.9,-2.5,0.01,0.5,13.4,13.2928,$2.19,54.08%,57%,-2.9%,40836158
Gunnar Helm,TE,TEN,SEA,"$2,700.00",6.3,-2.1,0.01,1.3,12.6,12.5244,$2.33,50.68%,53%,-2.3%,40836160
Cardinals ,DST,ARI,JAX,"$2,700.00",5.2,-1.1,0.02,-0.3,12.0,11.82,$1.93,47.96%,64%,-16.0%,40836369
Mike Gesicki,TE,CIN,NE,"$2,600.00",8.3,0.1,0.07,2.3,15.7,14.663799999999998,$3.19,62.24%,81%,-18.8%,40836162
Johnny Mundt,TE,JAX,@ARI,"$2,600.00",1.7,-6.5,0.0,0.0,5.2,5.1948,$0.65,28.23%,37%,-8.8%,40836164
Cowboys ,DST,DAL,PHI,"$2,600.00",5.1,-1.1,0.01,-0.3,11.6,11.4376,$1.96,45.92%,63%,-17.1%,40836370
Josiah Deguara,TE,ARI,JAX,"$2,500.00",0.2,-7.8,0.0,0.0,0.6,0.6,$0.08,8.50%,0%,8.5%,40836234
Elijah Higgins,TE,ARI,JAX,"$2,500.00",4.7,-3.3,0.0,0.5,10.4,10.3896,$1.88,41.84%,37%,4.8%,40836232
Pharaoh Brown,TE,ARI,JAX,"$2,500.00",0.2,-7.8,0.0,0.0,0.7,0.7,$0.08,10.54%,0%,10.5%,40836236
Charlie Woerner,TE,ATL,@NO,"$2,500.00",0.7,-7.3,0.0,0.0,2.7,2.7,$0.28,20.75%,0%,20.8%,40836184
Teagan Quitoriano,TE,ATL,@NO,"$2,500.00",0.3,-7.7,0.0,0.0,1.2,1.2,$0.12,15.65%,0%,15.7%,40836186
Charlie Kolar,TE,BAL,NYJ,"$2,500.00",2.6,-5.4,0.0,0.0,7.5,7.5,$1.04,34.35%,0%,34.4%,40836346
Nikola Kalinic,TE,CHI,PIT,"$2,500.00",0.1,-7.8,0.0,0.0,0.5,0.5,$0.04,5.10%,0%,5.1%,40836342
Cole Kmet,TE,CHI,PIT,"$2,500.00",4.7,-3.3,0.0,0.4,10.9,10.8782,$1.88,43.88%,43%,0.9%,40836168
Durham Smythe,TE,CHI,PIT,"$2,500.00",0.3,-7.7,0.0,0.0,1.1,1.1,$0.12,13.95%,0%,13.9%,40836340
Tanner Hudson,TE,CIN,NE,"$2,500.00",2.6,-5.4,0.0,0.0,6.6,6.6,$1.04,31.97%,0%,32.0%,40836326
Drew Sample,TE,CIN,NE,"$2,500.00",1.8,-6.2,0.0,0.0,5.0,5.0,$0.72,26.53%,0%,26.5%,40836324
Blake Whiteheart,TE,CLE,@LV,"$2,500.00",0.1,-7.9,0.0,0.0,0.5,0.5,$0.04,5.10%,0%,5.1%,40836218
Brenden Bates,TE,CLE,@LV,"$2,500.00",0.1,-7.9,0.0,0.0,0.5,0.5,$0.04,5.10%,0%,5.1%,40836220
Luke Schoonmaker,TE,DAL,PHI,"$2,500.00",1.9,-6.1,0.0,0.0,5.5,5.5,$0.76,28.57%,0%,28.6%,40836202
Brevyn Spann-Ford,TE,DAL,PHI,"$2,500.00",0.6,-7.4,0.0,0.0,2.4,2.4,$0.24,20.07%,0%,20.1%,40836204
Anthony Firkser,TE,DET,NYG,"$2,500.00",0.2,-7.8,0.0,0.0,0.7,0.7,$0.08,10.54%,0%,10.5%,40836316
Ross Dwelley,TE,DET,NYG,"$2,500.00",1.0,-6.9,0.0,0.0,4.0,4.0,$0.40,23.81%,0%,23.8%,40836310
Josh Whyle,TE,GB,MIN,"$2,500.00",1.3,-6.7,0.0,0.0,4.5,4.5,$0.52,25.17%,0%,25.2%,40836294
John FitzPatrick,TE,GB,MIN,"$2,500.00",3.5,-4.5,0.0,0.0,8.8,8.8,$1.40,37.41%,0%,37.4%,40836292
Mo Alie-Cox,TE,IND,@KC,"$2,500.00",1.8,-6.2,0.0,0.0,5.2,5.2,$0.72,28.23%,0%,28.2%,40836268
Drew Ogletree,TE,IND,@KC,"$2,500.00",0.3,-7.7,0.0,0.0,1.2,1.2,$0.12,15.65%,0%,15.7%,40836270
Quintin Morris,TE,JAX,@ARI,"$2,500.00",0.6,-7.4,0.0,0.0,2.4,2.3975999999999997,$0.24,20.07%,37%,-16.9%,40836226
Robert Tonyan,TE,KC,IND,"$2,500.00",0.2,-7.8,0.0,0.0,0.7,0.7,$0.08,10.54%,0%,10.5%,40836258
Noah Gray,TE,KC,IND,"$2,500.00",4.0,-4.0,0.0,0.2,9.7,9.690299999999999,$1.60,39.12%,37%,2.1%,40836256
Carter Runyon,TE,LV,CLE,"$2,500.00",0.1,-7.9,0.0,0.0,0.5,0.5,$0.04,5.10%,0%,5.1%,40836214
Ian Thomas,TE,LV,CLE,"$2,500.00",0.5,-7.5,0.0,0.0,1.9,1.9,$0.20,17.69%,0%,17.7%,40836212
Ben Yurosek,TE,MIN,@GB,"$2,500.00",0.1,-7.9,0.0,0.0,0.5,0.5,$0.04,5.10%,0%,5.1%,40836280
Josh Oliver,TE,MIN,@GB,"$2,500.00",1.5,-6.5,0.0,0.0,4.7,4.7,$0.60,25.85%,0%,25.9%,40836278
CJ Dippre,TE,NE,@CIN,"$2,500.00",0.1,-7.8,0.0,0.0,0.6,0.6,$0.04,8.50%,0%,8.5%,40836320
Austin Hooper,TE,NE,@CIN,"$2,500.00",3.8,-4.2,0.0,0.0,9.9,9.8901,$1.52,39.46%,37%,2.5%,40836318
Foster Moreau,TE,NO,ATL,"$2,500.00",3.7,-4.3,0.0,0.0,9.3,9.290700000000001,$1.48,38.10%,37%,1.1%,40836170
Zaire Mitchell-Paden,TE,NO,ATL,"$2,500.00",0.1,-7.8,0.0,0.0,0.5,0.5,$0.04,5.10%,0%,5.1%,40836174
Chris Manhertz,TE,NYG,@DET,"$2,500.00",0.1,-7.8,0.0,0.0,0.6,0.6,$0.04,8.50%,0%,8.5%,40836304
Daniel Bellinger,TE,NYG,@DET,"$2,500.00",3.2,-4.8,0.0,0.0,8.0,7.992,$1.28,35.03%,37%,-2.0%,40836302
Jeremy Ruckert,TE,NYJ,@BAL,"$2,500.00",2.5,-5.4,0.0,0.0,6.2,6.1938,$1.00,30.95%,37%,-6.1%,40836350
Grant Calcaterra,TE,PHI,@DAL,"$2,500.00",1.3,-6.7,0.0,0.0,4.3,4.3,$0.52,24.83%,0%,24.8%,40836192
Kylen Granson,TE,PHI,@DAL,"$2,500.00",0.8,-7.2,0.0,0.0,3.0,3.0,$0.32,21.77%,0%,21.8%,40836194
Cameron Latu,TE,PHI,@DAL,"$2,500.00",0.1,-7.9,0.0,0.0,0.5,0.5,$0.04,5.10%,0%,5.1%,40836196
Connor Heyward,TE,PIT,@CHI,"$2,500.00",0.6,-7.4,0.0,0.0,2.4,2.4,$0.24,20.07%,0%,20.1%,40836334
Elijah Arroyo,TE,SEA,@TEN,"$2,500.00",4.4,-3.6,0.0,0.2,10.4,10.3896,$1.76,41.84%,37%,4.8%,40836244
Nick Kallerup,TE,SEA,@TEN,"$2,500.00",0.1,-7.8,0.0,0.0,0.6,0.6,$0.04,8.50%,0%,8.5%,40836246
David Martin-Robinson,TE,TEN,SEA,"$2,500.00",0.1,-7.8,0.0,0.0,0.6,0.6,$0.04,8.50%,0%,8.5%,40836252
Vikings ,DST,MIN,@GB,"$2,500.00",5.1,-0.9,0.03,-0.2,11.7,11.3256,$2.04,46.60%,73%,-26.4%,40836372
Saints ,DST,NO,ATL,"$2,500.00",6.8,0.9,0.13,1.3,13.8,11.9646,$2.72,55.78%,95%,-39.2%,40836371
Colts ,DST,IND,@KC,"$2,400.00",4.9,-0.9,0.03,-0.6,11.6,11.263599999999999,$2.04,45.92%,72%,-26.1%,40836373
Titans ,DST,TEN,SEA,"$2,300.00",3.8,-1.8,0.02,-1.4,10.1,9.9384,$1.65,40.82%,65%,-24.2%,40836374
Bengals ,DST,CIN,NE,"$2,200.00",5.0,-0.4,0.03,-0.7,11.7,11.372399999999999,$2.27,46.60%,71%,-24.4%,40836375
Giants ,DST,NYG,@DET,"$2,100.00",2.7,-2.5,0.01,-2.3,8.8,8.7384,$1.29,37.41%,56%,-18.6%,40836376
Jets ,DST,NYJ,@BAL,"$2,000.00",3.8,-1.2,0.02,-1.6,10.1,9.918199999999999,$1.90,40.82%,66%,-25.2%,40836377
